<application>
  <component name="FileTypeManager" version="18">
    <extensionMap>
      <mapping ext="gradle.kts" type="Kotlin" />
      <mapping ext="main.kts" type="Kotlin" />
      <mapping pattern="gemfile.lock" type="PLAIN_TEXT" />
      <mapping pattern=".rvmrc" type="PLAIN_TEXT" />
      <mapping pattern="gemfile.lock" type="PLAIN_TEXT" />
      <mapping ext="ws" type="PLAIN_TEXT" />
      <mapping pattern=".analysis_options" type="YAML" />
      <removed_mapping ext="apk" approved="true" type="ARCHIVE" />
      <removed_mapping ext="psd" approved="true" type="Image" />
    </extensionMap>
  </component>
</application>