<application>
  <component name="FindSettings">
    <option name="customScope" value="All Places" />
    <option name="defaultScopeName" value="All Places" />
    <option name="SEARCH_SCOPE" value="All Places" />
    <option name="FILE_MASK" value="*.java, *.json, *.kt" />
    <mask>*.css</mask>
    <mask>*.html</mask>
    <mask>*.xml</mask>
    <mask>*.jsp</mask>
    <mask>*.properties</mask>
    <mask>*.json</mask>
    <mask>*.java</mask>
    <mask>*.java, *.json</mask>
    <mask>*.kt</mask>
    <mask>*.java,*.json,*.kt</mask>
    <mask>*.java, *.kt</mask>
    <mask>*.java, *.json, *.kt</mask>
  </component>
</application>