<application>
  <component name="MaterialThemeConfig">
    <option name="allowDataCollection" value="true" />
    <option name="isWizardShown" value="true" />
    <option name="overrideAccentColor" value="false" />
    <option name="pristineConfig" value="false" />
    <option name="settingsSelectedTab" value="2" />
    <option name="accentColor" value="80cbc4" />
    <option name="selectedTheme" value="NATIVE" />
    <option name="userId" value="776ba68d:16ebcfd2758:-8000" />
    <option name="version" value="5.5.0" />
  </component>
</application>