<keymap version="1" name="Default copy" parent="Default for XWin">
  <action id="$Redo">
    <keyboard-shortcut first-keystroke="shift ctrl z" />
    <keyboard-shortcut first-keystroke="shift alt back_space" />
    <keyboard-shortcut first-keystroke="ctrl y" />
  </action>
  <action id="ChangesView.GroupBy.Directory" />
  <action id="CloseContent">
    <keyboard-shortcut first-keystroke="ctrl f4" />
    <keyboard-shortcut first-keystroke="ctrl w" />
  </action>
  <action id="Console.TableResult.DeleteRows" />
  <action id="Console.TableResult.FindInGrid">
    <keyboard-shortcut first-keystroke="alt f3" />
  </action>
  <action id="Editor Redo">
    <keyboard-shortcut first-keystroke="ctrl y" />
  </action>
  <action id="EditorDeleteLine" />
  <action id="EditorSelectWord" />
  <action id="ExpressionTypeInfo" />
  <action id="FileChooser.TogglePathShowing" />
  <action id="Find">
    <keyboard-shortcut first-keystroke="alt f3" />
    <keyboard-shortcut first-keystroke="ctrl r" />
  </action>
  <action id="GotoAction">
    <keyboard-shortcut first-keystroke="shift ctrl a" />
    <keyboard-shortcut first-keystroke="shift ctrl p" />
  </action>
  <action id="GotoTest" />
  <action id="Images.ShowThumbnails" />
  <action id="ParameterInfo" />
  <action id="ReopenClosedTab">
    <keyboard-shortcut first-keystroke="shift ctrl t" />
  </action>
  <action id="Replace">
    <keyboard-shortcut first-keystroke="ctrl f" />
  </action>
  <action id="RunDashboard.ShowConfigurations" />
  <action id="SearchEverywhere">
    <keyboard-shortcut first-keystroke="ctrl p" />
  </action>
  <action id="Vcs.Log.GoToRef">
    <keyboard-shortcut first-keystroke="alt f3" />
  </action>
</keymap>