<keymap version="1" name="Sublime Text copy" parent="Sublime Text">
  <action id="Compile">
    <keyboard-shortcut first-keystroke="shift ctrl b" />
  </action>
  <action id="EditorUnindentSelection">
    <keyboard-shortcut first-keystroke="ctrl open_bracket" />
    <keyboard-shortcut first-keystroke="shift tab" />
  </action>
  <action id="Find">
    <keyboard-shortcut first-keystroke="ctrl h" />
  </action>
  <action id="FindInPath">
    <keyboard-shortcut first-keystroke="shift ctrl h" />
  </action>
  <action id="GotoDeclaration">
    <keyboard-shortcut first-keystroke="f12" />
    <mouse-shortcut keystroke="button2" />
    <mouse-shortcut keystroke="shift control button1" />
    <keyboard-shortcut first-keystroke="ctrl b" />
  </action>
  <action id="ReformatCode">
    <keyboard-shortcut first-keystroke="shift ctrl l" />
  </action>
  <action id="Replace">
    <keyboard-shortcut first-keystroke="ctrl f" />
  </action>
  <action id="ReplaceInPath">
    <keyboard-shortcut first-keystroke="shift ctrl f" />
  </action>
  <action id="UpdateRunningApplication" />
  <action id="android.deploy.ApplyChanges">
    <keyboard-shortcut first-keystroke="ctrl f10" />
  </action>
  <action id="android.deploy.CodeSwap">
    <keyboard-shortcut first-keystroke="ctrl alt f10" />
  </action>
</keymap>